2026-10-05 15:44:37+00;5;postgres;54025239
2026-10-05 15:44:37+00;1;template1;7545359
2026-10-05 15:44:37+00;4;template0;7479823
2026-10-05 15:44:47+00;5;postgres;17595415
2026-10-05 15:44:47+00;1;template1;7545359
2026-10-05 15:44:47+00;4;template0;7479823
2026-10-05 15:44:57+00;5;postgres;107551767
2026-10-05 15:44:57+00;1;template1;7545359
2026-10-05 15:44:57+00;4;template0;7479823
2026-10-05 15:45:06+00;5;postgres;107551767
2026-10-05 15:45:06+00;1;template1;7545359
2026-10-05 15:45:06+00;4;template0;7479823
2026-10-05 15:45:11+00;5;postgres;30833687
2026-10-05 15:45:11+00;1;template1;7545359
2026-10-05 15:45:11+00;4;template0;7479823
2026-10-05 15:45:18+00;5;postgres;107551767
2026-10-05 15:45:18+00;1;template1;7545359
2026-10-05 15:45:18+00;4;template0;7479823
2026-10-05 15:45:27+00;5;postgres;95058967
2026-10-05 15:45:27+00;1;template1;7545359
2026-10-05 15:45:27+00;4;template0;7479823
2026-10-05 15:45:38+00;5;postgres;79133719
2026-10-05 15:45:38+00;1;template1;7545359
2026-10-05 15:45:38+00;4;template0;7479823
2026-10-05 15:45:47+00;5;postgres;107551767
2026-10-05 15:45:47+00;1;template1;7545359
2026-10-05 15:45:47+00;4;template0;7479823
