2026-10-05 15:44:38+00;postgres;lock_granted;t;9
2026-10-05 15:44:38+00;postgres;lock_mode;ShareLock;1
2026-10-05 15:44:38+00;postgres;lock_mode;AccessExclusiveLock;3
2026-10-05 15:44:38+00;postgres;lock_mode;ExclusiveLock;3
2026-10-05 15:44:38+00;postgres;lock_mode;AccessShareLock;2
2026-10-05 15:44:38+00;postgres;lock_type;virtualxid;2
2026-10-05 15:44:38+00;postgres;lock_type;object;1
2026-10-05 15:44:38+00;postgres;lock_type;transactionid;1
2026-10-05 15:44:38+00;postgres;lock_type;relation;5
2026-10-05 15:44:48+00;postgres;lock_granted;t;9
2026-10-05 15:44:48+00;postgres;lock_mode;ShareLock;1
2026-10-05 15:44:48+00;postgres;lock_mode;AccessExclusiveLock;3
2026-10-05 15:44:48+00;postgres;lock_mode;ExclusiveLock;3
2026-10-05 15:44:48+00;postgres;lock_mode;AccessShareLock;2
2026-10-05 15:44:48+00;postgres;lock_type;virtualxid;2
2026-10-05 15:44:48+00;postgres;lock_type;object;1
2026-10-05 15:44:48+00;postgres;lock_type;transactionid;1
2026-10-05 15:44:48+00;postgres;lock_type;relation;5
2026-10-05 15:44:58+00;postgres;lock_granted;t;9
2026-10-05 15:44:58+00;postgres;lock_mode;ShareLock;1
2026-10-05 15:44:58+00;postgres;lock_mode;AccessExclusiveLock;3
2026-10-05 15:44:58+00;postgres;lock_mode;ExclusiveLock;3
2026-10-05 15:44:58+00;postgres;lock_mode;AccessShareLock;2
2026-10-05 15:44:58+00;postgres;lock_type;virtualxid;2
2026-10-05 15:44:58+00;postgres;lock_type;object;1
2026-10-05 15:44:58+00;postgres;lock_type;transactionid;1
2026-10-05 15:44:58+00;postgres;lock_type;relation;5
2026-10-05 15:45:08+00;postgres;lock_granted;t;10
2026-10-05 15:45:08+00;postgres;lock_mode;ShareLock;1
2026-10-05 15:45:08+00;postgres;lock_mode;AccessExclusiveLock;4
2026-10-05 15:45:08+00;postgres;lock_mode;ExclusiveLock;3
2026-10-05 15:45:08+00;postgres;lock_mode;AccessShareLock;2
2026-10-05 15:45:08+00;postgres;lock_type;virtualxid;2
2026-10-05 15:45:08+00;postgres;lock_type;relation;2
2026-10-05 15:45:12+00;postgres;lock_granted;t;9
2026-10-05 15:45:12+00;postgres;lock_mode;ShareLock;1
2026-10-05 15:45:12+00;postgres;lock_mode;AccessExclusiveLock;3
2026-10-05 15:45:12+00;postgres;lock_mode;ExclusiveLock;3
2026-10-05 15:45:12+00;postgres;lock_mode;AccessShareLock;2
2026-10-05 15:45:12+00;postgres;lock_type;virtualxid;2
2026-10-05 15:45:12+00;postgres;lock_type;object;1
2026-10-05 15:45:12+00;postgres;lock_type;transactionid;1
2026-10-05 15:45:12+00;postgres;lock_type;relation;5
2026-10-05 15:45:19+00;postgres;lock_granted;t;4
2026-10-05 15:45:19+00;postgres;lock_mode;ExclusiveLock;2
2026-10-05 15:45:19+00;postgres;lock_mode;AccessShareLock;1
2026-10-05 15:45:19+00;postgres;lock_mode;ShareUpdateExclusiveLock;1
2026-10-05 15:45:19+00;postgres;lock_type;virtualxid;2
2026-10-05 15:45:19+00;postgres;lock_type;relation;2
2026-10-05 15:45:29+00;postgres;lock_granted;t;5
2026-10-05 15:45:29+00;postgres;lock_mode;RowExclusiveLock;1
2026-10-05 15:45:29+00;postgres;lock_mode;ExclusiveLock;3
2026-10-05 15:45:29+00;postgres;lock_mode;AccessShareLock;1
2026-10-05 15:45:29+00;postgres;lock_type;virtualxid;2
2026-10-05 15:45:29+00;postgres;lock_type;transactionid;1
2026-10-05 15:45:29+00;postgres;lock_type;relation;2
2026-10-05 15:45:39+00;postgres;lock_granted;t;9
2026-10-05 15:45:39+00;postgres;lock_mode;ShareLock;1
2026-10-05 15:45:39+00;postgres;lock_mode;AccessExclusiveLock;3
2026-10-05 15:45:39+00;postgres;lock_mode;ExclusiveLock;3
2026-10-05 15:45:39+00;postgres;lock_mode;AccessShareLock;2
2026-10-05 15:45:39+00;postgres;lock_type;virtualxid;2
2026-10-05 15:45:39+00;postgres;lock_type;object;1
2026-10-05 15:45:39+00;postgres;lock_type;transactionid;1
2026-10-05 15:45:39+00;postgres;lock_type;relation;5
2026-10-05 15:45:48+00;postgres;lock_granted;t;2
2026-10-05 15:45:48+00;postgres;lock_mode;ExclusiveLock;1
2026-10-05 15:45:48+00;postgres;lock_mode;AccessShareLock;1
2026-10-05 15:45:48+00;postgres;lock_type;virtualxid;1
2026-10-05 15:45:48+00;postgres;lock_type;relation;1
