2026-10-05 15:44:37;host;allocstall;0
2026-10-05 15:44:37;host;compact_fail;0
2026-10-05 15:44:37;host;compact_stall;0
2026-10-05 15:44:37;host;numa_foreign;0
2026-10-05 15:44:37;host;numa_hit;1088338
2026-10-05 15:44:37;host;numa_miss;0
2026-10-05 15:44:37;host;oom_kill;0
2026-10-05 15:44:37;host;psi_cpu_full;0
2026-10-05 15:44:37;host;psi_cpu_some;8294428
2026-10-05 15:44:37;host;psi_io_full;511892
2026-10-05 15:44:37;host;psi_io_some;767913
2026-10-05 15:44:37;host;psi_memory_full;0
2026-10-05 15:44:37;host;psi_memory_some;0
2026-10-05 15:44:37;host;thp_collapse_alloc_failed;0
2026-10-05 15:44:37;host;thp_fault_alloc;0
2026-10-05 15:44:37;host;thp_fault_fallback;0
2026-10-05 15:44:37;host;workingset_refault;0
2026-10-05 15:44:37;cgroup;memory_events_high;0
2026-10-05 15:44:37;cgroup;memory_events_low;0
2026-10-05 15:44:37;cgroup;memory_events_max;0
2026-10-05 15:44:37;cgroup;memory_events_oom;0
2026-10-05 15:44:37;cgroup;memory_events_oom_kill;0
2026-10-05 15:44:37;cgroup;psi_cpu_full;100
2026-10-05 15:44:37;cgroup;psi_cpu_some;5000000
2026-10-05 15:44:37;cgroup;psi_io_full;1000
2026-10-05 15:44:37;cgroup;psi_io_some;2000
2026-10-05 15:44:37;cgroup;psi_memory_full;1000
2026-10-05 15:44:37;cgroup;psi_memory_some;2000
2026-10-05 15:44:47;host;allocstall;0
2026-10-05 15:44:47;host;compact_fail;0
2026-10-05 15:44:47;host;compact_stall;0
2026-10-05 15:44:47;host;numa_foreign;0
2026-10-05 15:44:47;host;numa_hit;1178031
2026-10-05 15:44:47;host;numa_miss;0
2026-10-05 15:44:47;host;oom_kill;0
2026-10-05 15:44:47;host;psi_cpu_full;0
2026-10-05 15:44:47;host;psi_cpu_some;10582152
2026-10-05 15:44:47;host;psi_io_full;920302
2026-10-05 15:44:47;host;psi_io_some;1310111
2026-10-05 15:44:47;host;psi_memory_full;0
2026-10-05 15:44:47;host;psi_memory_some;0
2026-10-05 15:44:47;host;thp_collapse_alloc_failed;0
2026-10-05 15:44:47;host;thp_fault_alloc;0
2026-10-05 15:44:47;host;thp_fault_fallback;0
2026-10-05 15:44:47;host;workingset_refault;0
2026-10-05 15:44:47;cgroup;memory_events_high;40
2026-10-05 15:44:47;cgroup;memory_events_low;0
2026-10-05 15:44:47;cgroup;memory_events_max;0
2026-10-05 15:44:47;cgroup;memory_events_oom;1
2026-10-05 15:44:47;cgroup;memory_events_oom_kill;0
2026-10-05 15:44:47;cgroup;psi_cpu_full;14728
2026-10-05 15:44:47;cgroup;psi_cpu_some;6585264
2026-10-05 15:44:47;cgroup;psi_io_full;387123
2026-10-05 15:44:47;cgroup;psi_io_some;316947
2026-10-05 15:44:47;cgroup;psi_memory_full;178392
2026-10-05 15:44:47;cgroup;psi_memory_some;778646
2026-10-05 15:44:57;host;allocstall;0
2026-10-05 15:44:57;host;compact_fail;0
2026-10-05 15:44:57;host;compact_stall;0
2026-10-05 15:44:57;host;numa_foreign;0
2026-10-05 15:44:57;host;numa_hit;1266256
2026-10-05 15:44:57;host;numa_miss;0
2026-10-05 15:44:57;host;oom_kill;0
2026-10-05 15:44:57;host;psi_cpu_full;0
2026-10-05 15:44:57;host;psi_cpu_some;12820815
2026-10-05 15:44:57;host;psi_io_full;1168441
2026-10-05 15:44:57;host;psi_io_some;1642621
2026-10-05 15:44:57;host;psi_memory_full;0
2026-10-05 15:44:57;host;psi_memory_some;0
2026-10-05 15:44:57;host;thp_collapse_alloc_failed;0
2026-10-05 15:44:57;host;thp_fault_alloc;0
2026-10-05 15:44:57;host;thp_fault_fallback;0
2026-10-05 15:44:57;host;workingset_refault;0
2026-10-05 15:44:57;cgroup;memory_events_high;74
2026-10-05 15:44:57;cgroup;memory_events_low;0
2026-10-05 15:44:57;cgroup;memory_events_max;3
2026-10-05 15:44:57;cgroup;memory_events_oom;1
2026-10-05 15:44:57;cgroup;memory_events_oom_kill;0
2026-10-05 15:44:57;cgroup;psi_cpu_full;20868
2026-10-05 15:44:57;cgroup;psi_cpu_some;8502298
2026-10-05 15:44:57;cgroup;psi_io_full;509104
2026-10-05 15:44:57;cgroup;psi_io_some;1476753
2026-10-05 15:44:57;cgroup;psi_memory_full;336207
2026-10-05 15:44:57;cgroup;psi_memory_some;806470
2026-10-05 15:45:07;host;allocstall;0
2026-10-05 15:45:07;host;compact_fail;0
2026-10-05 15:45:07;host;compact_stall;0
2026-10-05 15:45:07;host;numa_foreign;0
2026-10-05 15:45:07;host;numa_hit;1353901
2026-10-05 15:45:07;host;numa_miss;0
2026-10-05 15:45:07;host;oom_kill;0
2026-10-05 15:45:07;host;psi_cpu_full;0
2026-10-05 15:45:07;host;psi_cpu_some;14978824
2026-10-05 15:45:07;host;psi_io_full;1450895
2026-10-05 15:45:07;host;psi_io_some;2053766
2026-10-05 15:45:07;host;psi_memory_full;0
2026-10-05 15:45:07;host;psi_memory_some;0
2026-10-05 15:45:07;host;thp_collapse_alloc_failed;0
2026-10-05 15:45:07;host;thp_fault_alloc;0
2026-10-05 15:45:07;host;thp_fault_fallback;0
2026-10-05 15:45:07;host;workingset_refault;0
2026-10-05 15:45:07;cgroup;memory_events_high;109
2026-10-05 15:45:07;cgroup;memory_events_low;0
2026-10-05 15:45:07;cgroup;memory_events_max;6
2026-10-05 15:45:07;cgroup;memory_events_oom;1
2026-10-05 15:45:07;cgroup;memory_events_oom_kill;1
2026-10-05 15:45:07;cgroup;psi_cpu_full;59486
2026-10-05 15:45:07;cgroup;psi_cpu_some;10669114
2026-10-05 15:45:07;cgroup;psi_io_full;933478
2026-10-05 15:45:07;cgroup;psi_io_some;3399807
2026-10-05 15:45:07;cgroup;psi_memory_full;337910
2026-10-05 15:45:07;cgroup;psi_memory_some;1602137
2026-10-05 15:45:17;host;allocstall;0
2026-10-05 15:45:17;host;compact_fail;0
2026-10-05 15:45:17;host;compact_stall;0
2026-10-05 15:45:17;host;numa_foreign;0
2026-10-05 15:45:17;host;numa_hit;1444772
2026-10-05 15:45:17;host;numa_miss;0
2026-10-05 15:45:17;host;oom_kill;0
2026-10-05 15:45:17;host;psi_cpu_full;0
2026-10-05 15:45:17;host;psi_cpu_some;17346313
2026-10-05 15:45:17;host;psi_io_full;1720718
2026-10-05 15:45:17;host;psi_io_some;2442736
2026-10-05 15:45:17;host;psi_memory_full;0
2026-10-05 15:45:17;host;psi_memory_some;0
2026-10-05 15:45:17;host;thp_collapse_alloc_failed;0
2026-10-05 15:45:17;host;thp_fault_alloc;0
2026-10-05 15:45:17;host;thp_fault_fallback;0
2026-10-05 15:45:17;host;workingset_refault;0
2026-10-05 15:45:17;cgroup;memory_events_high;119
2026-10-05 15:45:17;cgroup;memory_events_low;0
2026-10-05 15:45:17;cgroup;memory_events_max;8
2026-10-05 15:45:17;cgroup;memory_events_oom;2
2026-10-05 15:45:17;cgroup;memory_events_oom_kill;1
2026-10-05 15:45:17;cgroup;psi_cpu_full;73596
2026-10-05 15:45:17;cgroup;psi_cpu_some;13080893
2026-10-05 15:45:17;cgroup;psi_io_full;987065
2026-10-05 15:45:17;cgroup;psi_io_some;3694309
2026-10-05 15:45:17;cgroup;psi_memory_full;437505
2026-10-05 15:45:17;cgroup;psi_memory_some;1703551
2026-10-05 15:45:27;host;allocstall;0
2026-10-05 15:45:27;host;compact_fail;0
2026-10-05 15:45:27;host;compact_stall;0
2026-10-05 15:45:27;host;numa_foreign;0
2026-10-05 15:45:27;host;numa_hit;1537397
2026-10-05 15:45:27;host;numa_miss;0
2026-10-05 15:45:27;host;oom_kill;0
2026-10-05 15:45:27;host;psi_cpu_full;0
2026-10-05 15:45:27;host;psi_cpu_some;19794433
2026-10-05 15:45:27;host;psi_io_full;2023521
2026-10-05 15:45:27;host;psi_io_some;2856039
2026-10-05 15:45:27;host;psi_memory_full;0
2026-10-05 15:45:27;host;psi_memory_some;0
2026-10-05 15:45:27;host;thp_collapse_alloc_failed;0
2026-10-05 15:45:27;host;thp_fault_alloc;0
2026-10-05 15:45:27;host;thp_fault_fallback;0
2026-10-05 15:45:27;host;workingset_refault;0
2026-10-05 15:45:27;cgroup;memory_events_high;141
2026-10-05 15:45:27;cgroup;memory_events_low;0
2026-10-05 15:45:27;cgroup;memory_events_max;10
2026-10-05 15:45:27;cgroup;memory_events_oom;2
2026-10-05 15:45:27;cgroup;memory_events_oom_kill;2
2026-10-05 15:45:27;cgroup;psi_cpu_full;108738
2026-10-05 15:45:27;cgroup;psi_cpu_some;14604451
2026-10-05 15:45:27;cgroup;psi_io_full;1470613
2026-10-05 15:45:27;cgroup;psi_io_some;4588153
2026-10-05 15:45:27;cgroup;psi_memory_full;458161
2026-10-05 15:45:27;cgroup;psi_memory_some;2282407
2026-10-05 15:45:37;host;allocstall;0
2026-10-05 15:45:37;host;compact_fail;0
2026-10-05 15:45:37;host;compact_stall;0
2026-10-05 15:45:37;host;numa_foreign;0
2026-10-05 15:45:37;host;numa_hit;1630075
2026-10-05 15:45:37;host;numa_miss;0
2026-10-05 15:45:37;host;oom_kill;0
2026-10-05 15:45:37;host;psi_cpu_full;0
2026-10-05 15:45:37;host;psi_cpu_some;22029874
2026-10-05 15:45:37;host;psi_io_full;2166513
2026-10-05 15:45:37;host;psi_io_some;3069505
2026-10-05 15:45:37;host;psi_memory_full;0
2026-10-05 15:45:37;host;psi_memory_some;0
2026-10-05 15:45:37;host;thp_collapse_alloc_failed;0
2026-10-05 15:45:37;host;thp_fault_alloc;0
2026-10-05 15:45:37;host;thp_fault_fallback;0
2026-10-05 15:45:37;host;workingset_refault;0
2026-10-05 15:45:37;cgroup;memory_events_high;159
2026-10-05 15:45:37;cgroup;memory_events_low;0
2026-10-05 15:45:37;cgroup;memory_events_max;11
2026-10-05 15:45:37;cgroup;memory_events_oom;2
2026-10-05 15:45:37;cgroup;memory_events_oom_kill;2
2026-10-05 15:45:37;cgroup;psi_cpu_full;152074
2026-10-05 15:45:37;cgroup;psi_cpu_some;16560325
2026-10-05 15:45:37;cgroup;psi_io_full;1875923
2026-10-05 15:45:37;cgroup;psi_io_some;5295043
2026-10-05 15:45:37;cgroup;psi_memory_full;479077
2026-10-05 15:45:37;cgroup;psi_memory_some;2526505
2026-10-05 15:45:46;host;allocstall;0
2026-10-05 15:45:46;host;compact_fail;0
2026-10-05 15:45:46;host;compact_stall;0
2026-10-05 15:45:46;host;numa_foreign;0
2026-10-05 15:45:46;host;numa_hit;1716750
2026-10-05 15:45:46;host;numa_miss;0
2026-10-05 15:45:46;host;oom_kill;0
2026-10-05 15:45:46;host;psi_cpu_full;0
2026-10-05 15:45:46;host;psi_cpu_some;24233954
2026-10-05 15:45:46;host;psi_io_full;2299186
2026-10-05 15:45:46;host;psi_io_some;3281021
2026-10-05 15:45:46;host;psi_memory_full;0
2026-10-05 15:45:46;host;psi_memory_some;0
2026-10-05 15:45:46;host;thp_collapse_alloc_failed;0
2026-10-05 15:45:46;host;thp_fault_alloc;0
2026-10-05 15:45:46;host;thp_fault_fallback;0
2026-10-05 15:45:46;host;workingset_refault;0
2026-10-05 15:45:46;cgroup;memory_events_high;165
2026-10-05 15:45:46;cgroup;memory_events_low;0
2026-10-05 15:45:46;cgroup;memory_events_max;13
2026-10-05 15:45:46;cgroup;memory_events_oom;3
2026-10-05 15:45:46;cgroup;memory_events_oom_kill;3
2026-10-05 15:45:46;cgroup;psi_cpu_full;162733
2026-10-05 15:45:46;cgroup;psi_cpu_some;19112976
2026-10-05 15:45:46;cgroup;psi_io_full;2062187
2026-10-05 15:45:46;cgroup;psi_io_some;5834411
2026-10-05 15:45:46;cgroup;psi_memory_full;654759
2026-10-05 15:45:46;cgroup;psi_memory_some;2806451
