2026-10-05 15:45:47+00;postgres;pg_toast;pg_toast_24696;t;-1;0
2026-10-05 15:45:47+00;postgres;pg_toast;pg_toast_24696_index;i;0;1
2026-10-05 15:45:47+00;postgres;public;big;r;-1;0
2026-10-05 15:45:47+00;postgres;pg_toast;pg_toast_1255;t;3;1
2026-10-05 15:45:47+00;postgres;pg_toast;pg_toast_1255_index;i;0;1
2026-10-05 15:45:47+00;postgres;pg_toast;pg_toast_1247;t;0;0
2026-10-05 15:45:47+00;postgres;pg_toast;pg_toast_1247_index;i;0;1
2026-10-05 15:45:47+00;postgres;pg_toast;pg_toast_2604;t;0;0
2026-10-05 15:45:47+00;postgres;pg_toast;pg_toast_2604_index;i;0;1
2026-10-05 15:45:47+00;postgres;pg_toast;pg_toast_2606;t;0;0
2026-10-05 15:45:47+00;postgres;pg_toast;pg_toast_2606_index;i;0;1
2026-10-05 15:45:47+00;postgres;pg_toast;pg_toast_2610;t;0;0
2026-10-05 15:45:47+00;postgres;pg_toast;pg_toast_2610_index;i;0;1
2026-10-05 15:45:47+00;postgres;pg_toast;pg_toast_2612;t;0;0
2026-10-05 15:45:47+00;postgres;pg_toast;pg_toast_2612_index;i;0;1
2026-10-05 15:45:47+00;postgres;pg_toast;pg_toast_2600;t;0;0
2026-10-05 15:45:47+00;postgres;pg_toast;pg_toast_2600_index;i;0;1
2026-10-05 15:45:47+00;postgres;pg_toast;pg_toast_2619;t;14;3
2026-10-05 15:45:47+00;postgres;pg_toast;pg_toast_2619_index;i;0;1
2026-10-05 15:45:47+00;postgres;pg_toast;pg_toast_3381;t;0;0
2026-10-05 15:45:47+00;postgres;pg_toast;pg_toast_3381_index;i;0;1
2026-10-05 15:45:47+00;postgres;pg_toast;pg_toast_3429;t;0;0
2026-10-05 15:45:47+00;postgres;pg_toast;pg_toast_3429_index;i;0;1
2026-10-05 15:45:47+00;postgres;pg_toast;pg_toast_2618;t;279;64
2026-10-05 15:45:47+00;postgres;pg_toast;pg_toast_2618_index;i;0;1
2026-10-05 15:45:47+00;postgres;pg_toast;pg_toast_2620;t;0;0
2026-10-05 15:45:47+00;postgres;pg_toast;pg_toast_2620_index;i;0;1
2026-10-05 15:45:47+00;postgres;pg_toast;pg_toast_3466;t;0;0
2026-10-05 15:45:47+00;postgres;pg_toast;pg_toast_3466_index;i;0;1
2026-10-05 15:45:47+00;postgres;pg_toast;pg_toast_2609;t;0;0
2026-10-05 15:45:47+00;postgres;pg_toast;pg_toast_2609_index;i;0;1
2026-10-05 15:45:47+00;postgres;pg_toast;pg_toast_2615;t;0;0
2026-10-05 15:45:47+00;postgres;pg_toast;pg_toast_2615_index;i;0;1
2026-10-05 15:45:47+00;postgres;pg_toast;pg_toast_1262;t;0;0
2026-10-05 15:45:47+00;postgres;pg_toast;pg_toast_1262_index;i;0;1
2026-10-05 15:45:47+00;postgres;pg_toast;pg_toast_2964;t;0;0
2026-10-05 15:45:47+00;postgres;pg_toast;pg_toast_2964_index;i;0;1
2026-10-05 15:45:47+00;postgres;pg_toast;pg_toast_1213;t;0;0
2026-10-05 15:45:47+00;postgres;pg_toast;pg_toast_1213_index;i;0;1
2026-10-05 15:45:47+00;postgres;pg_toast;pg_toast_2396;t;0;0
2026-10-05 15:45:47+00;postgres;pg_toast;pg_toast_2396_index;i;0;1
2026-10-05 15:45:47+00;postgres;pg_toast;pg_toast_3600;t;0;0
2026-10-05 15:45:47+00;postgres;pg_toast;pg_toast_3600_index;i;0;1
2026-10-05 15:45:47+00;postgres;pg_toast;pg_toast_3079;t;0;0
2026-10-05 15:45:47+00;postgres;pg_toast;pg_toast_3079_index;i;0;1
2026-10-05 15:45:47+00;postgres;pg_toast;pg_toast_2328;t;0;0
2026-10-05 15:45:47+00;postgres;pg_toast;pg_toast_2328_index;i;0;1
2026-10-05 15:45:47+00;postgres;pg_toast;pg_toast_1417;t;0;0
2026-10-05 15:45:47+00;postgres;pg_toast;pg_toast_1417_index;i;0;1
2026-10-05 15:45:47+00;postgres;pg_toast;pg_toast_1418;t;0;0
2026-10-05 15:45:47+00;postgres;pg_toast;pg_toast_1418_index;i;0;1
2026-10-05 15:45:47+00;postgres;pg_toast;pg_toast_3118;t;0;0
2026-10-05 15:45:47+00;postgres;pg_toast;pg_toast_3118_index;i;0;1
2026-10-05 15:45:47+00;postgres;pg_toast;pg_toast_3256;t;0;0
2026-10-05 15:45:47+00;postgres;pg_toast;pg_toast_3256_index;i;0;1
2026-10-05 15:45:47+00;postgres;pg_toast;pg_toast_826;t;0;0
2026-10-05 15:45:47+00;postgres;pg_toast;pg_toast_826_index;i;0;1
2026-10-05 15:45:47+00;postgres;pg_toast;pg_toast_3394;t;0;0
2026-10-05 15:45:47+00;postgres;pg_toast;pg_toast_3394_index;i;0;1
2026-10-05 15:45:47+00;postgres;pg_toast;pg_toast_3596;t;0;0
2026-10-05 15:45:47+00;postgres;pg_toast;pg_toast_3596_index;i;0;1
2026-10-05 15:45:47+00;postgres;pg_toast;pg_toast_3592;t;0;0
2026-10-05 15:45:47+00;postgres;pg_toast;pg_toast_3592_index;i;0;1
2026-10-05 15:45:47+00;postgres;pg_toast;pg_toast_3456;t;0;0
2026-10-05 15:45:47+00;postgres;pg_toast;pg_toast_3456_index;i;0;1
2026-10-05 15:45:47+00;postgres;pg_toast;pg_toast_6243;t;0;0
2026-10-05 15:45:47+00;postgres;pg_toast;pg_toast_6243_index;i;0;1
2026-10-05 15:45:47+00;postgres;pg_toast;pg_toast_3350;t;0;0
2026-10-05 15:45:47+00;postgres;pg_toast;pg_toast_3350_index;i;0;1
2026-10-05 15:45:47+00;postgres;pg_toast;pg_toast_6106;t;0;0
2026-10-05 15:45:47+00;postgres;pg_toast;pg_toast_6106_index;i;0;1
2026-10-05 15:45:47+00;postgres;pg_toast;pg_toast_6100;t;0;0
2026-10-05 15:45:47+00;postgres;pg_toast;pg_toast_6100_index;i;0;1
2026-10-05 15:45:47+00;postgres;pg_toast;pg_toast_13327;t;0;0
2026-10-05 15:45:47+00;postgres;pg_toast;pg_toast_13327_index;i;0;1
2026-10-05 15:45:47+00;postgres;pg_toast;pg_toast_13332;t;0;0
2026-10-05 15:45:47+00;postgres;pg_toast;pg_toast_13332_index;i;0;1
2026-10-05 15:45:47+00;postgres;pg_toast;pg_toast_13337;t;0;0
2026-10-05 15:45:47+00;postgres;pg_toast;pg_toast_13337_index;i;0;1
2026-10-05 15:45:47+00;postgres;pg_toast;pg_toast_13342;t;0;0
2026-10-05 15:45:47+00;postgres;pg_toast;pg_toast_13342_index;i;0;1
