2026-10-05 15:44:37+00;5;postgres;0;0;0;0;0;0
2026-10-05 15:44:37+00;1;template1;0;0;0;0;0;0
2026-10-05 15:44:37+00;4;template0;0;0;0;0;0;0
2026-10-05 15:44:47+00;5;postgres;0;0;0;0;0;0
2026-10-05 15:44:47+00;1;template1;0;0;0;0;0;0
2026-10-05 15:44:47+00;4;template0;0;0;0;0;0;0
2026-10-05 15:44:57+00;5;postgres;0;0;0;0;0;0
2026-10-05 15:44:57+00;1;template1;0;0;0;0;0;0
2026-10-05 15:44:57+00;4;template0;0;0;0;0;0;0
2026-10-05 15:45:07+00;5;postgres;0;0;0;0;0;0
2026-10-05 15:45:07+00;1;template1;0;0;0;0;0;0
2026-10-05 15:45:07+00;4;template0;0;0;0;0;0;0
2026-10-05 15:45:17+00;5;postgres;0;0;0;0;0;0
2026-10-05 15:45:17+00;1;template1;0;0;0;0;0;0
2026-10-05 15:45:17+00;4;template0;0;0;0;0;0;0
2026-10-05 15:45:27+00;5;postgres;0;0;0;0;0;0
2026-10-05 15:45:27+00;1;template1;0;0;0;0;0;0
2026-10-05 15:45:27+00;4;template0;0;0;0;0;0;0
2026-10-05 15:45:37+00;5;postgres;0;0;0;0;0;0
2026-10-05 15:45:37+00;1;template1;0;0;0;0;0;0
2026-10-05 15:45:37+00;4;template0;0;0;0;0;0;0
2026-10-05 15:45:46+00;5;postgres;0;0;0;0;0;0
2026-10-05 15:45:46+00;1;template1;0;0;0;0;0;0
2026-10-05 15:45:46+00;4;template0;0;0;0;0;0;0
