2026-10-05 15:44:37+00;client backend;relation;bulkread;50393;1217019904;11096.726;76038;622903296;303.158;0;0;;;;10330;57419;84629;;;8192
2026-10-05 15:44:37+00;client backend;relation;bulkwrite;0;0;0;62298;510345216;1353.135;0;0;21288;522928128;1464.217;42546;0;62298;;;8192
2026-10-05 15:44:37+00;client backend;relation;normal;3316;34562048;821.211;9674;79249408;46.572;0;0;9141;75030528;125.702;1637145;10970;;0;0;8192
2026-10-05 15:44:37+00;client backend;relation;vacuum;21224;521125888;5657.453;63580;520847360;247.67000000000002;0;0;0;0;0;9340;1536;62078;;;8192
2026-10-05 15:44:37+00;client backend;temp relation;normal;8970;525041664;771.662;84402;691421184;1076.542;;;6198;193019904;170.245;623856;86886;;;;8192
2026-10-05 15:44:37+00;client backend;wal;normal;2;13048;0.019;69010;689184768;1352.387;;;;;;;;;518;5922.246;8192
2026-10-05 15:44:37+00;autovacuum launcher;relation;normal;2;16384;1.123;0;0;0;0;0;;;;5;0;;0;0;8192
2026-10-05 15:44:37+00;autovacuum worker;relation;normal;11;98304;0.519;0;0;0;0;0;1;8192;0.026000000000000002;3139;12;;0;0;8192
2026-10-05 15:44:37+00;autovacuum worker;relation;vacuum;3622;88768512;71.462;0;0;0;0;0;0;0;0;1388;256;10580;;;8192
2026-10-05 15:44:37+00;autovacuum worker;wal;normal;;;;2;98304;0.05;;;;;;;;;2;0.936;8192
2026-10-05 15:44:37+00;background worker;relation;bulkread;15160;331612160;4140.951;40096;328466432;132.904;0;0;;;;1250;0;40096;;;8192
2026-10-05 15:44:37+00;background worker;relation;normal;30;245760;0;0;0;0;0;0;0;0;0;3366;0;;0;0;8192
2026-10-05 15:44:37+00;background writer;relation;normal;;;;1581;12951552;8.499;1536;10.754;;;;;;;0;0;8192
2026-10-05 15:44:37+00;checkpointer;relation;normal;;;;10017;82059264;79.165;9992;47.852000000000004;;;;;;;179;1483.464;8192
2026-10-05 15:44:37+00;checkpointer;wal;normal;0;0;0;9;73728;0.188;;;;;;;;;9;20.122;8192
2026-10-05 15:44:37+00;startup;relation;normal;2;16384;0.9430000000000001;0;0;0;0;0;0;0;0;103;0;;0;0;8192
2026-10-05 15:44:37+00;startup;wal;normal;30;245760;363.784;1;8192;0.007;;;;;;;;;1;0.353;8192
2026-10-05 15:44:37+00;walwriter;wal;normal;;;;252;49340416;30.219;;;;;;;;;252;1612.8500000000001;8192
2026-10-05 15:44:47+00;client backend;relation;bulkread;55386;1336131584;11715.062;89160;730398720;360.492;0;0;;;;10330;71223;84771;;;8192
2026-10-05 15:44:47+00;client backend;relation;bulkwrite;0;0;0;72666;595279872;1528.897;0;0;24836;610082816;1872.57;49637;0;72681;;;8192
2026-10-05 15:44:47+00;client backend;relation;normal;3766;39075840;873.337;11281;92413952;53.878;0;0;10664;87531520;145.602;1894334;12893;;0;0;8192
2026-10-05 15:44:47+00;client backend;relation;vacuum;24685;606093312;6348.476000000001;73802;604585984;291.975;0;0;0;0;0;11127;1792;72194;;;8192
2026-10-05 15:44:47+00;client backend;temp relation;normal;10216;580403200;934.0020000000001;94549;774545408;1207.836;;;7231;225189888;210.115;727832;97443;;;;8192
2026-10-05 15:44:47+00;client backend;wal;init;;;;11;184549376;138.351;;;;;;;;;11;306.204;8192
2026-10-05 15:44:47+00;client backend;wal;normal;2;13048;0.019;104354;1013825536;1883.121;;;;;;;;;605;6973.615;8192
2026-10-05 15:44:47+00;autovacuum launcher;relation;normal;2;16384;1.123;0;0;0;0;0;;;;5;0;;0;0;8192
2026-10-05 15:44:47+00;autovacuum worker;relation;normal;11;98304;0.519;0;0;0;0;0;1;8192;0.026000000000000002;3139;12;;0;0;8192
2026-10-05 15:44:47+00;autovacuum worker;relation;vacuum;3622;88768512;71.462;0;0;0;0;0;0;0;0;1388;256;10580;;;8192
2026-10-05 15:44:47+00;autovacuum worker;wal;normal;;;;2;98304;0.05;;;;;;;;;2;0.936;8192
2026-10-05 15:44:47+00;background worker;relation;bulkread;17692;386809856;5052.092000000001;45303;371122176;155.871;0;0;;;;1250;5902;40222;;;8192
2026-10-05 15:44:47+00;background worker;relation;normal;35;286720;0;0;0;0;0;0;0;0;0;3927;0;;0;0;8192
2026-10-05 15:44:47+00;background worker;wal;init;;;;2;33554432;36.037;;;;;;;;;2;49.115;8192
2026-10-05 15:44:47+00;background worker;wal;normal;0;0;0;6491;53682176;39.387;;;;;;;;;4;91.232;8192
2026-10-05 15:44:47+00;background writer;relation;normal;;;;1881;15409152;10.228;1792;11.056000000000001;;;;;;;0;0;8192
2026-10-05 15:44:47+00;checkpointer;relation;normal;;;;13201;108142592;93.494;13194;55.410000000000004;;;;;;;226;2245.833;8192
2026-10-05 15:44:47+00;checkpointer;wal;init;;;;2;33554432;30.659;;;;;;;;;2;51.704;8192
2026-10-05 15:44:47+00;checkpointer;wal;normal;0;0;0;29;4218880;1.835;;;;;;;;;21;86.629;8192
2026-10-05 15:44:47+00;startup;relation;normal;2;16384;0.9430000000000001;0;0;0;0;0;0;0;0;103;0;;0;0;8192
2026-10-05 15:44:47+00;startup;wal;normal;30;245760;363.784;1;8192;0.007;;;;;;;;;1;0.353;8192
2026-10-05 15:44:47+00;walwriter;wal;init;;;;1;16777216;9.603;;;;;;;;;1;24.212;8192
2026-10-05 15:44:47+00;walwriter;wal;normal;;;;286;58597376;34.443;;;;;;;;;286;1984.397;8192
2026-10-05 15:44:57+00;client backend;relation;bulkread;58901;1422311424;12605.456;89182;730578944;360.597;0;0;;;;11969;71255;95259;;;8192
2026-10-05 15:44:57+00;client backend;relation;bulkwrite;0;0;0;83029;680173568;1620.803;0;0;28384;697237504;2050.838;56728;0;83065;;;8192
2026-10-05 15:44:57+00;client backend;relation;normal;4165;43139072;921.613;11647;95412224;55.674;0;0;10664;87531520;145.602;1918098;13337;;0;0;8192
2026-10-05 15:44:57+00;client backend;relation;vacuum;24685;606093312;6348.476000000001;73802;604585984;291.975;0;0;0;0;0;11127;1792;72194;;;8192
2026-10-05 15:44:57+00;client backend;temp relation;normal;10465;612548608;1071.765;98469;806658048;1290.476;;;7231;225189888;210.115;727832;101367;;;;8192
2026-10-05 15:44:57+00;client backend;wal;init;;;;17;285212672;228.58100000000002;;;;;;;;;17;485.796;8192
2026-10-05 15:44:57+00;client backend;wal;normal;2;13048;0.019;113991;1111097344;2058.214;;;;;;;;;648;7512.38;8192
2026-10-05 15:44:57+00;autovacuum launcher;relation;normal;2;16384;1.123;0;0;0;0;0;;;;5;0;;0;0;8192
2026-10-05 15:44:57+00;autovacuum worker;relation;normal;11;98304;0.519;0;0;0;0;0;1;8192;0.026000000000000002;3139;12;;0;0;8192
2026-10-05 15:44:57+00;autovacuum worker;relation;vacuum;3622;88768512;71.462;0;0;0;0;0;0;0;0;1388;256;10580;;;8192
2026-10-05 15:44:57+00;autovacuum worker;wal;normal;;;;2;98304;0.05;;;;;;;;;2;0.936;8192
2026-10-05 15:44:57+00;background worker;relation;bulkread;20277;443498496;5734.08;50865;416686080;194.481;0;0;;;;1250;11892;40412;;;8192
2026-10-05 15:44:57+00;background worker;relation;normal;40;327680;0;0;0;0;0;0;0;0;0;4488;0;;0;0;8192
2026-10-05 15:44:57+00;background worker;wal;init;;;;5;83886080;62.217;;;;;;;;;5;186.202;8192
2026-10-05 15:44:57+00;background worker;wal;normal;0;0;0;13114;108953600;85.56;;;;;;;;;10;226.288;8192
2026-10-05 15:44:57+00;background writer;relation;normal;;;;2121;17375232;11.326;2048;11.422;;;;;;;0;0;8192
2026-10-05 15:44:57+00;checkpointer;relation;normal;;;;16318;133677056;145.225;16295;60.945;;;;;;;281;3074.764;8192
2026-10-05 15:44:57+00;checkpointer;wal;init;;;;5;83886080;111.128;;;;;;;;;5;152.314;8192
2026-10-05 15:44:57+00;checkpointer;wal;normal;0;0;0;48;6455296;2.589;;;;;;;;;30;147.216;8192
2026-10-05 15:44:57+00;startup;relation;normal;2;16384;0.9430000000000001;0;0;0;0;0;0;0;0;103;0;;0;0;8192
2026-10-05 15:44:57+00;startup;wal;normal;30;245760;363.784;1;8192;0.007;;;;;;;;;1;0.353;8192
2026-10-05 15:44:57+00;walwriter;wal;init;;;;1;16777216;9.603;;;;;;;;;1;24.212;8192
2026-10-05 15:44:57+00;walwriter;wal;normal;;;;320;68108288;37.672000000000004;;;;;;;;;321;2363.996;8192
2026-10-05 15:45:07+00;client backend;relation;bulkread;67895;1639538688;16851.551;110665;906567680;466.254;0;0;;;;11969;95467;97001;;;8192
2026-10-05 15:45:07+00;client backend;relation;bulkwrite;0;0;0;83029;680173568;1620.803;0;0;28384;697237504;2050.838;56728;0;83065;;;8192
2026-10-05 15:45:07+00;client backend;relation;normal;4789;49430528;1030.146;13280;108789760;79.584;0;0;12187;100032512;169.689;2174809;15409;;0;0;8192
2026-10-05 15:45:07+00;client backend;relation;vacuum;28286;694509568;7553.738;84439;691724288;340.132;0;0;0;0;0;12493;2048;82732;;;8192
2026-10-05 15:45:07+00;client backend;temp relation;normal;11960;700055552;1233.64;112536;921894912;1418.45;;;8264;257359872;254.094;831808;115848;;;;8192
2026-10-05 15:45:07+00;client backend;wal;init;;;;31;520093696;668.106;;;;;;;;;31;1043.6580000000001;8192
2026-10-05 15:45:07+00;client backend;wal;normal;2;13048;0.019;147741;1406926848;2349.236;;;;;;;;;705;8236.879;8192
2026-10-05 15:45:07+00;autovacuum launcher;relation;normal;2;16384;1.123;0;0;0;0;0;;;;5;0;;0;0;8192
2026-10-05 15:45:07+00;autovacuum worker;relation;normal;11;98304;0.519;0;0;0;0;0;1;8192;0.026000000000000002;3139;12;;0;0;8192
2026-10-05 15:45:07+00;autovacuum worker;relation;vacuum;3622;88768512;71.462;0;0;0;0;0;0;0;0;1388;256;10580;;;8192
2026-10-05 15:45:07+00;autovacuum worker;wal;normal;;;;2;98304;0.05;;;;;;;;;2;0.936;8192
2026-10-05 15:45:07+00;background worker;relation;bulkread;20277;443498496;5734.08;50865;416686080;194.481;0;0;;;;1250;11892;40412;;;8192
2026-10-05 15:45:07+00;background worker;relation;normal;40;327680;0;0;0;0;0;0;0;0;0;4488;0;;0;0;8192
2026-10-05 15:45:07+00;background worker;wal;init;;;;5;83886080;62.217;;;;;;;;;5;186.202;8192
2026-10-05 15:45:07+00;background worker;wal;normal;0;0;0;13114;108953600;85.56;;;;;;;;;10;226.288;8192
2026-10-05 15:45:07+00;background writer;relation;normal;;;;2358;19316736;12.450000000000001;2304;11.721;;;;;;;0;0;8192
2026-10-05 15:45:07+00;checkpointer;relation;normal;;;;20580;168591360;215.743;20584;66.89;;;;;;;316;3680.754;8192
2026-10-05 15:45:07+00;checkpointer;wal;init;;;;7;117440512;164.41400000000002;;;;;;;;;7;229.043;8192
2026-10-05 15:45:07+00;checkpointer;wal;normal;0;0;0;65;10067968;3.837;;;;;;;;;40;221.791;8192
2026-10-05 15:45:07+00;startup;relation;normal;2;16384;0.9430000000000001;0;0;0;0;0;0;0;0;103;0;;0;0;8192
2026-10-05 15:45:07+00;startup;wal;normal;30;245760;363.784;1;8192;0.007;;;;;;;;;1;0.353;8192
2026-10-05 15:45:07+00;walwriter;wal;init;;;;1;16777216;9.603;;;;;;;;;1;24.212;8192
2026-10-05 15:45:07+00;walwriter;wal;normal;;;;352;75988992;40.480000000000004;;;;;;;;;353;2799.704;8192
2026-10-05 15:45:17+00;client backend;relation;bulkread;72822;1756995584;18988.149;122829;1006215168;515.894;0;0;;;;11969;109143;97120;;;8192
2026-10-05 15:45:17+00;client backend;relation;bulkwrite;0;0;0;93401;765140992;1821.912;0;0;31932;784392192;2301.687;63819;0;93448;;;8192
2026-10-05 15:45:17+00;client backend;relation;normal;5222;53780480;1090.6;15013;122986496;90.607;0;0;13709;112525312;188.37800000000001;2419492;17338;;0;0;8192
2026-10-05 15:45:17+00;client backend;relation;vacuum;28286;694509568;7553.738;84439;691724288;340.132;0;0;0;0;0;12493;2048;82732;;;8192
2026-10-05 15:45:17+00;client backend;temp relation;normal;11960;700055552;1233.64;112536;921894912;1418.45;;;8264;257359872;254.094;831808;115848;;;;8192
2026-10-05 15:45:17+00;client backend;wal;init;;;;43;721420288;954.495;;;;;;;;;43;1533.7440000000001;8192
2026-10-05 15:45:17+00;client backend;wal;normal;2;13048;0.019;172805;1629020160;2829.828;;;;;;;;;750;8957.195;8192
2026-10-05 15:45:17+00;autovacuum launcher;relation;normal;2;16384;1.123;0;0;0;0;0;;;;5;0;;0;0;8192
2026-10-05 15:45:17+00;autovacuum worker;relation;normal;11;98304;0.519;0;0;0;0;0;1;8192;0.026000000000000002;3139;12;;0;0;8192
2026-10-05 15:45:17+00;autovacuum worker;relation;vacuum;3622;88768512;71.462;0;0;0;0;0;0;0;0;1388;256;10580;;;8192
2026-10-05 15:45:17+00;autovacuum worker;wal;normal;;;;2;98304;0.05;;;;;;;;;2;0.936;8192
2026-10-05 15:45:17+00;background worker;relation;bulkread;22885;500350976;6916.842000000001;56085;459448320;215.96;0;0;;;;1250;17884;40596;;;8192
2026-10-05 15:45:17+00;background worker;relation;normal;45;368640;0;0;0;0;0;0;0;0;0;5049;0;;0;0;8192
2026-10-05 15:45:17+00;background worker;wal;init;;;;9;150994944;132.851;;;;;;;;;9;339.23900000000003;8192
2026-10-05 15:45:17+00;background worker;wal;normal;0;0;0;19740;165265408;131.4;;;;;;;;;19;403.146;8192
2026-10-05 15:45:17+00;background writer;relation;normal;;;;2648;21692416;14.157;2560;12.016;;;;;;;0;0;8192
2026-10-05 15:45:17+00;checkpointer;relation;normal;;;;23410;191774720;248.141;23385;72.892;;;;;;;354;4505.291;8192
2026-10-05 15:45:17+00;checkpointer;wal;init;;;;8;134217728;189.829;;;;;;;;;8;259.524;8192
2026-10-05 15:45:17+00;checkpointer;wal;normal;0;0;0;83;13230080;4.8500000000000005;;;;;;;;;49;273.35200000000003;8192
2026-10-05 15:45:17+00;startup;relation;normal;2;16384;0.9430000000000001;0;0;0;0;0;0;0;0;103;0;;0;0;8192
2026-10-05 15:45:17+00;startup;wal;normal;30;245760;363.784;1;8192;0.007;;;;;;;;;1;0.353;8192
2026-10-05 15:45:17+00;walwriter;wal;init;;;;1;16777216;9.603;;;;;;;;;1;24.212;8192
2026-10-05 15:45:17+00;walwriter;wal;normal;;;;393;87875584;44.563;;;;;;;;;394;3147.918;8192
2026-10-05 15:45:27+00;client backend;relation;bulkread;76360;1843863552;19637.664;122829;1006215168;515.894;0;0;;;;13524;109175;107692;;;8192
2026-10-05 15:45:27+00;client backend;relation;bulkwrite;0;0;0;93401;765140992;1821.912;0;0;31932;784392192;2301.687;63819;0;93448;;;8192
2026-10-05 15:45:27+00;client backend;relation;normal;5404;55386112;1104.89;15015;123002880;90.632;0;0;13710;112533504;188.39600000000002;2459379;17526;;0;0;8192
2026-10-05 15:45:27+00;client backend;relation;vacuum;31892;783048704;9822.065;95110;779141120;386.931;0;0;0;0;0;13844;2304;93284;;;8192
2026-10-05 15:45:27+00;client backend;temp relation;normal;13455;787562496;1387.467;126603;1037131776;1585.78;;;9297;289529856;297.60200000000003;935784;130329;;;;8192
2026-10-05 15:45:27+00;client backend;wal;init;;;;50;838860800;1159.551;;;;;;;;;50;1812.3590000000002;8192
2026-10-05 15:45:27+00;client backend;wal;normal;2;13048;0.019;182645;1725906944;2931.85;;;;;;;;;789;9355.976;8192
2026-10-05 15:45:27+00;autovacuum launcher;relation;normal;2;16384;1.123;0;0;0;0;0;;;;5;0;;0;0;8192
2026-10-05 15:45:27+00;autovacuum worker;relation;normal;11;98304;0.519;0;0;0;0;0;1;8192;0.026000000000000002;3139;12;;0;0;8192
2026-10-05 15:45:27+00;autovacuum worker;relation;vacuum;3622;88768512;71.462;0;0;0;0;0;0;0;0;1388;256;10580;;;8192
2026-10-05 15:45:27+00;autovacuum worker;wal;normal;;;;2;98304;0.05;;;;;;;;;2;0.936;8192
2026-10-05 15:45:27+00;background worker;relation;bulkread;22885;500350976;6916.842000000001;56085;459448320;215.96;0;0;;;;1250;17884;40596;;;8192
2026-10-05 15:45:27+00;background worker;relation;normal;45;368640;0;0;0;0;0;0;0;0;0;5049;0;;0;0;8192
2026-10-05 15:45:27+00;background worker;wal;init;;;;9;150994944;132.851;;;;;;;;;9;339.23900000000003;8192
2026-10-05 15:45:27+00;background worker;wal;normal;0;0;0;19740;165265408;131.4;;;;;;;;;19;403.146;8192
2026-10-05 15:45:27+00;background writer;relation;normal;;;;2728;22347776;14.51;2624;12.105;;;;;;;0;0;8192
2026-10-05 15:45:27+00;checkpointer;relation;normal;;;;25737;210837504;258.228;25735;76.784;;;;;;;406;5126.05;8192
2026-10-05 15:45:27+00;checkpointer;wal;init;;;;8;134217728;189.829;;;;;;;;;8;259.524;8192
2026-10-05 15:45:27+00;checkpointer;wal;normal;0;0;0;94;15384576;5.6770000000000005;;;;;;;;;56;310.061;8192
2026-10-05 15:45:27+00;startup;relation;normal;2;16384;0.9430000000000001;0;0;0;0;0;0;0;0;103;0;;0;0;8192
2026-10-05 15:45:27+00;startup;wal;normal;30;245760;363.784;1;8192;0.007;;;;;;;;;1;0.353;8192
2026-10-05 15:45:27+00;walwriter;wal;init;;;;1;16777216;9.603;;;;;;;;;1;24.212;8192
2026-10-05 15:45:27+00;walwriter;wal;normal;;;;423;94912512;47.421;;;;;;;;;424;3432.5550000000003;8192
2026-10-05 15:45:37+00;client backend;relation;bulkread;80655;1935900672;21021.509000000002;131678;1078706176;563.16;0;0;;;;16730;118816;108711;;;8192
2026-10-05 15:45:37+00;client backend;relation;bulkwrite;0;0;0;103780;850165760;1940.83;0;0;35480;871546880;2540.422;70910;0;103831;;;8192
2026-10-05 15:45:37+00;client backend;relation;normal;5671;58408960;1137.665;16284;133398528;97.527;0;0;15232;125026304;231.82500000000002;2718896;19376;;0;0;8192
2026-10-05 15:45:37+00;client backend;relation;vacuum;35507;869335040;10750.632;105531;864509952;432.03000000000003;0;0;0;0;0;15470;2560;103561;;;8192
2026-10-05 15:45:37+00;client backend;temp relation;normal;14701;842924032;1546.159;136750;1120256000;1735.141;;;10330;321699840;341.228;1039760;140886;;;;8192
2026-10-05 15:45:37+00;client backend;wal;init;;;;66;1107296256;1515.615;;;;;;;;;66;2397.793;8192
2026-10-05 15:45:37+00;client backend;wal;normal;2;13048;0.019;212641;2006081536;3614.352;;;;;;;;;875;10511.711;8192
2026-10-05 15:45:37+00;autovacuum launcher;relation;normal;2;16384;1.123;0;0;0;0;0;;;;5;0;;0;0;8192
2026-10-05 15:45:37+00;autovacuum worker;relation;normal;145;1245184;7.398000000000001;109;892928;0.52;0;0;2;16384;0.051000000000000004;15314;153;;0;0;8192
2026-10-05 15:45:37+00;autovacuum worker;relation;vacuum;5175;117252096;377.36;3453;28286976;38.286;0;0;0;0;0;8690;691;13662;;;8192
2026-10-05 15:45:37+00;autovacuum worker;wal;init;;;;3;50331648;46.369;;;;;;;;;3;95.708;8192
2026-10-05 15:45:37+00;autovacuum worker;wal;normal;;;;1563;50364416;23.963;;;;;;;;;96;576.341;8192
2026-10-05 15:45:37+00;background worker;relation;bulkread;25435;555909120;8458.922;61165;501063680;248.839;0;0;;;;1250;23746;40778;;;8192
2026-10-05 15:45:37+00;background worker;relation;normal;50;409600;0;0;0;0;0;0;0;0;0;5610;0;;0;0;8192
2026-10-05 15:45:37+00;background worker;wal;init;;;;11;184549376;197.975;;;;;;;;;11;411.473;8192
2026-10-05 15:45:37+00;background worker;wal;normal;0;0;0;26274;219299840;176.418;;;;;;;;;22;459.505;8192
2026-10-05 15:45:37+00;background writer;relation;normal;;;;3112;25493504;16.599;3008;12.773;;;;;;;0;0;8192
2026-10-05 15:45:37+00;checkpointer;relation;normal;;;;30307;248274944;328.839;30287;98.683;;;;;;;439;5855.511;8192
2026-10-05 15:45:37+00;checkpointer;wal;init;;;;10;167772160;260.235;;;;;;;;;10;345.451;8192
2026-10-05 15:45:37+00;checkpointer;wal;normal;0;0;0;112;19144704;7.398000000000001;;;;;;;;;68;378.148;8192
2026-10-05 15:45:37+00;startup;relation;normal;2;16384;0.9430000000000001;0;0;0;0;0;0;0;0;103;0;;0;0;8192
2026-10-05 15:45:37+00;startup;wal;normal;30;245760;363.784;1;8192;0.007;;;;;;;;;1;0.353;8192
2026-10-05 15:45:37+00;walwriter;wal;init;;;;1;16777216;9.603;;;;;;;;;1;24.212;8192
2026-10-05 15:45:37+00;walwriter;wal;normal;;;;455;100802560;49.769;;;;;;;;;455;3716.594;8192
2026-10-05 15:45:46+00;client backend;relation;bulkread;84268;2022531072;22035.89;131678;1078706176;563.16;0;0;;;;18314;118848;119254;;;8192
2026-10-05 15:45:46+00;client backend;relation;bulkwrite;0;0;0;114150;935116800;2028.368;0;0;39028;958701568;2716.154;78001;0;114214;;;8192
2026-10-05 15:45:46+00;client backend;relation;normal;6040;62242816;1165.4950000000001;16640;136314880;99.27;0;0;15232;125026304;231.82500000000002;2746920;19829;;0;0;8192
2026-10-05 15:45:46+00;client backend;relation;vacuum;35507;869335040;10750.632;105531;864509952;432.03000000000003;0;0;0;0;0;15470;2560;103561;;;8192
2026-10-05 15:45:46+00;client backend;temp relation;normal;14950;875069440;1603.8790000000001;140670;1152368640;1788.406;;;10330;321699840;341.228;1039760;144810;;;;8192
2026-10-05 15:45:46+00;client backend;wal;init;;;;70;1174405120;1571.5710000000001;;;;;;;;;70;2495.431;8192
2026-10-05 15:45:46+00;client backend;wal;normal;2;13048;0.019;222162;2102255616;3784.847;;;;;;;;;918;10820.034;8192
2026-10-05 15:45:46+00;autovacuum launcher;relation;normal;2;16384;1.123;0;0;0;0;0;;;;5;0;;0;0;8192
2026-10-05 15:45:46+00;autovacuum worker;relation;normal;145;1245184;7.398000000000001;109;892928;0.52;0;0;2;16384;0.051000000000000004;15314;153;;0;0;8192
2026-10-05 15:45:46+00;autovacuum worker;relation;vacuum;5175;117252096;377.36;3453;28286976;38.286;0;0;0;0;0;8690;691;13662;;;8192
2026-10-05 15:45:46+00;autovacuum worker;wal;init;;;;3;50331648;46.369;;;;;;;;;3;95.708;8192
2026-10-05 15:45:46+00;autovacuum worker;wal;normal;;;;1563;50364416;23.963;;;;;;;;;96;576.341;8192
2026-10-05 15:45:46+00;background worker;relation;bulkread;28023;612368384;9110.007;66657;546054144;273.757;0;0;;;;1250;29659;40979;;;8192
2026-10-05 15:45:46+00;background worker;relation;normal;55;450560;0;0;0;0;0;0;0;0;0;6171;0;;0;0;8192
2026-10-05 15:45:46+00;background worker;wal;init;;;;14;234881024;235.918;;;;;;;;;14;509.32800000000003;8192
2026-10-05 15:45:46+00;background worker;wal;normal;0;0;0;32872;274874368;222.595;;;;;;;;;29;650.7040000000001;8192
2026-10-05 15:45:46+00;background writer;relation;normal;;;;3352;27459584;17.846;3264;13.164;;;;;;;0;0;8192
2026-10-05 15:45:46+00;checkpointer;relation;normal;;;;32696;267845632;358.82800000000003;32677;111.73;;;;;;;492;6587.372;8192
2026-10-05 15:45:46+00;checkpointer;wal;init;;;;12;201326592;313.063;;;;;;;;;12;404.432;8192
2026-10-05 15:45:46+00;checkpointer;wal;normal;0;0;0;131;21372928;8.234;;;;;;;;;79;415.796;8192
2026-10-05 15:45:46+00;startup;relation;normal;2;16384;0.9430000000000001;0;0;0;0;0;0;0;0;103;0;;0;0;8192
2026-10-05 15:45:46+00;startup;wal;normal;30;245760;363.784;1;8192;0.007;;;;;;;;;1;0.353;8192
2026-10-05 15:45:46+00;walwriter;wal;init;;;;1;16777216;9.603;;;;;;;;;1;24.212;8192
2026-10-05 15:45:46+00;walwriter;wal;normal;;;;486;110379008;53.214;;;;;;;;;486;4015.503;8192
