2026-10-05 15:44:37+00;0;;;0;;;2026-10-05 15:37:57.652772+00
2026-10-05 15:44:47+00;0;;;0;;;2026-10-05 15:37:57.652772+00
2026-10-05 15:44:57+00;0;;;0;;;2026-10-05 15:37:57.652772+00
2026-10-05 15:45:01+00;0;;;0;;;2026-10-05 15:37:57.652772+00
2026-10-05 15:45:06+00;0;;;0;;;2026-10-05 15:37:57.652772+00
2026-10-05 15:45:16+00;0;;;0;;;2026-10-05 15:37:57.652772+00
2026-10-05 15:45:21+00;0;;;0;;;2026-10-05 15:37:57.652772+00
2026-10-05 15:45:27+00;0;;;0;;;2026-10-05 15:37:57.652772+00
2026-10-05 15:45:38+00;0;;;0;;;2026-10-05 15:37:57.652772+00
2026-10-05 15:45:47+00;0;;;0;;;2026-10-05 15:37:57.652772+00
