2026-10-05 15:44:37+00;0;;0;0;0;141;3799;1110;875;0;0;0;0;;0;0;0;0;0
2026-10-05 15:44:37+00;5;postgres;2;1101;0;365011;2595368;12902740;315085;4200461;700067;447;0;;21;100947840;0;2982;9576.982
2026-10-05 15:44:37+00;1;template1;0;0;0;0;0;0;0;0;0;0;0;;0;0;0;0;0
2026-10-05 15:44:37+00;4;template0;0;0;0;0;0;0;0;0;0;0;0;;0;0;0;0;0
2026-10-05 15:44:47+00;0;;0;0;0;160;4197;1222;968;0;0;0;0;;0;0;0;0;0
2026-10-05 15:44:47+00;5;postgres;2;1224;1;421041;2974968;14767441;349204;4800526;804830;515;0;;24;115368960;0;3253.873;10960.292
2026-10-05 15:44:47+00;1;template1;0;0;0;0;0;0;0;0;0;0;0;;0;0;0;0;0
2026-10-05 15:44:47+00;4;template0;0;0;0;0;0;0;0;0;0;0;0;;0;0;0;0;0
2026-10-05 15:44:57+00;0;;0;0;0;173;4581;1329;1056;0;0;0;0;;0;0;0;0;0
2026-10-05 15:44:57+00;5;postgres;2;1344;1;472922;3350250;16631251;383292;5400591;909593;578;0;;27;129790080;0;3455.836;11890.816
2026-10-05 15:44:57+00;1;template1;0;0;0;0;0;0;0;0;0;0;0;;0;0;0;0;0
2026-10-05 15:44:57+00;4;template0;0;0;0;0;0;0;0;0;0;0;0;;0;0;0;0;0
2026-10-05 15:45:01+00;0;;0;0;0;195;4920;1429;1137;0;0;0;0;;0;0;0;0;0
2026-10-05 15:45:01+00;5;postgres;2;1453;1;494400;3604171;17694440;417142;5900623;981022;610;0;;28;136790080;0;3603.94;12737.574
2026-10-05 15:45:01+00;1;template1;0;0;0;0;0;0;0;0;0;0;0;;0;0;0;0;0
2026-10-05 15:45:01+00;4;template0;0;0;0;0;0;0;0;0;0;0;0;;0;0;0;0;0
2026-10-05 15:45:07+00;0;;0;0;0;200;5255;1525;1214;0;0;0;0;;0;0;0;0;0
2026-10-05 15:45:07+00;5;postgres;2;1565;1;525763;3751271;18560185;450932;6000656;1014356;641;0;;30;144211200;0;3768.255;13088.406
2026-10-05 15:45:07+00;1;template1;0;0;0;0;0;0;0;0;0;0;0;;0;0;0;0;0
2026-10-05 15:45:07+00;4;template0;0;0;0;0;0;0;0;0;0;0;0;;0;0;0;0;0
2026-10-05 15:45:16+00;0;;0;0;0;216;5636;1632;1302;0;0;0;0;;0;0;0;0;0
2026-10-05 15:45:16+00;5;postgres;2;1685;1;577580;4126613;20424074;485020;6600721;1119119;704;0;;33;158632320;0;4035.588;14235.157
2026-10-05 15:45:16+00;1;template1;0;0;0;0;0;0;0;0;0;0;0;;0;0;0;0;0
2026-10-05 15:45:16+00;4;template0;0;0;0;0;0;0;0;0;0;0;0;;0;0;0;0;0
2026-10-05 15:45:21+00;0;;0;0;0;217;5996;1732;1383;0;0;0;0;;0;0;0;0;0
2026-10-05 15:45:21+00;5;postgres;2;1792;1;584284;4163220;20797081;518844;7100753;1119120;736;0;;34;165632320;0;4095.31;14859.195
2026-10-05 15:45:21+00;1;template1;0;0;0;0;0;0;0;0;0;0;0;;0;0;0;0;0
2026-10-05 15:45:21+00;4;template0;0;0;0;0;0;0;0;0;0;0;0;;0;0;0;0;0
2026-10-05 15:45:27+00;0;;0;0;0;233;6320;1828;1460;0;0;0;0;;0;0;0;0;0
2026-10-05 15:45:27+00;5;postgres;2;1906;1;629819;4528213;22352697;552659;7200784;1223882;767;0;;36;173053440;0;4376.257;15381.854
2026-10-05 15:45:27+00;1;template1;0;0;0;0;0;0;0;0;0;0;0;;0;0;0;0;0
2026-10-05 15:45:27+00;4;template0;0;0;0;0;0;0;0;0;0;0;0;;0;0;0;0;0
2026-10-05 15:45:38+00;0;;0;0;0;249;6701;1935;1548;0;0;0;0;;0;0;0;0;0
2026-10-05 15:45:38+00;5;postgres;2;2026;1;681713;4903478;24216565;586747;7800847;1328645;830;0;;39;187474560;0;4632.071;16469.919
2026-10-05 15:45:38+00;1;template1;0;0;0;0;0;0;0;0;0;0;0;;0;0;0;0;0
2026-10-05 15:45:38+00;4;template0;0;0;0;0;0;0;0;0;0;0;0;;0;0;0;0;0
2026-10-05 15:45:47+00;0;;0;0;0;265;7073;2042;1632;0;0;0;0;;0;0;0;0;0
2026-10-05 15:45:47+00;5;postgres;1;2152;2;738738;5285948;26083054;622453;8400913;1433441;894;0;;42;201895680;0;4913.049;17402.77
2026-10-05 15:45:47+00;1;template1;0;0;0;0;0;0;0;0;0;0;0;;0;0;0;0;0
2026-10-05 15:45:47+00;4;template0;0;0;0;0;0;0;0;0;0;0;0;;0;0;0;0;0
