2026-10-05 15:44:37+00;9;0000000100000000000000CF;6;3;1024
2026-10-05 15:44:47+00;9;0000000100000000000000D4;7;2;1024
2026-10-05 15:44:57+00;9;0000000100000000000000DD;5;4;1024
2026-10-05 15:45:02+00;9;0000000100000000000000E1;1;8;1024
2026-10-05 15:45:07+00;9;0000000100000000000000E4;6;3;1024
2026-10-05 15:45:16+00;9;0000000100000000000000EA;8;1;1024
2026-10-05 15:45:21+00;9;0000000100000000000000EF;2;7;1024
2026-10-05 15:45:28+00;9;0000000100000000000000F2;6;3;1024
2026-10-05 15:45:38+00;9;0000000100000000000000F9;6;3;1024
2026-10-05 15:45:48+00;9;0000000100000000000000FE;8;1;1024
